Image name,classification name,accuracy
/media/steve/054DA50B580BD049/steve/projects/hackathon/call-for-code-2020/Call-for-code-2020/test_images/facenet/subject1/subject01.glasses,subject1,0.8346528851918673
/media/steve/054DA50B580BD049/steve/projects/hackathon/call-for-code-2020/Call-for-code-2020/test_images/facenet/subject1/subject01.happy,subject1,0.8210688242019657
/media/steve/054DA50B580BD049/steve/projects/hackathon/call-for-code-2020/Call-for-code-2020/test_images/facenet/subject1/subject01.leftlight,subject1,0.856711790501955
/media/steve/054DA50B580BD049/steve/projects/hackathon/call-for-code-2020/Call-for-code-2020/test_images/facenet/subject1/subject01.noglasses,subject1,0.7924008772682063
/media/steve/054DA50B580BD049/steve/projects/hackathon/call-for-code-2020/Call-for-code-2020/test_images/facenet/subject1/subject01.normal,subject1,0.8742350637637228
/media/steve/054DA50B580BD049/steve/projects/hackathon/call-for-code-2020/Call-for-code-2020/test_images/facenet/subject1/subject01.rightlight,subject1,0.8727886174507492
/media/steve/054DA50B580BD049/steve/projects/hackathon/call-for-code-2020/Call-for-code-2020/test_images/facenet/subject1/subject01.sad,subject1,0.7930746832314188
/media/steve/054DA50B580BD049/steve/projects/hackathon/call-for-code-2020/Call-for-code-2020/test_images/facenet/subject1/subject01.sleepy,subject1,0.8677185326401026
/media/steve/054DA50B580BD049/steve/projects/hackathon/call-for-code-2020/Call-for-code-2020/test_images/facenet/subject1/subject01.surprised,subject1,0.5482956795289299
/media/steve/054DA50B580BD049/steve/projects/hackathon/call-for-code-2020/Call-for-code-2020/test_images/facenet/subject1/subject01.wink,subject1,0.8226141105001494
/media/steve/054DA50B580BD049/steve/projects/hackathon/call-for-code-2020/Call-for-code-2020/test_images/facenet/subject2/subject02.centerlight,subject2,0.6903119823602227
/media/steve/054DA50B580BD049/steve/projects/hackathon/call-for-code-2020/Call-for-code-2020/test_images/facenet/subject2/subject02.glasses,subject2,0.7095362327928982
/media/steve/054DA50B580BD049/steve/projects/hackathon/call-for-code-2020/Call-for-code-2020/test_images/facenet/subject2/subject02.happy,subject2,0.7658944584261157
/media/steve/054DA50B580BD049/steve/projects/hackathon/call-for-code-2020/Call-for-code-2020/test_images/facenet/subject2/subject02.leftlight,subject2,0.8456547829325853
/media/steve/054DA50B580BD049/steve/projects/hackathon/call-for-code-2020/Call-for-code-2020/test_images/facenet/subject2/subject02.noglasses,subject2,0.8368814342897045
/media/steve/054DA50B580BD049/steve/projects/hackathon/call-for-code-2020/Call-for-code-2020/test_images/facenet/subject2/subject02.normal,subject2,0.8368814342897045
/media/steve/054DA50B580BD049/steve/projects/hackathon/call-for-code-2020/Call-for-code-2020/test_images/facenet/subject2/subject02.rightlight,subject2,0.8213952507126152
/media/steve/054DA50B580BD049/steve/projects/hackathon/call-for-code-2020/Call-for-code-2020/test_images/facenet/subject2/subject02.sad,subject2,0.8282768074412991
/media/steve/054DA50B580BD049/steve/projects/hackathon/call-for-code-2020/Call-for-code-2020/test_images/facenet/subject2/subject02.sleepy,subject2,0.7154214322627035
/media/steve/054DA50B580BD049/steve/projects/hackathon/call-for-code-2020/Call-for-code-2020/test_images/facenet/subject2/subject02.surprised,subject2,0.7887212287201101
/media/steve/054DA50B580BD049/steve/projects/hackathon/call-for-code-2020/Call-for-code-2020/test_images/facenet/subject2/subject02.wink,subject2,0.8337499117980833
/media/steve/054DA50B580BD049/steve/projects/hackathon/call-for-code-2020/Call-for-code-2020/test_images/facenet/subject3/subject03.centerlight,subject3,0.7596140160742082
/media/steve/054DA50B580BD049/steve/projects/hackathon/call-for-code-2020/Call-for-code-2020/test_images/facenet/subject3/subject03.glasses,subject3,0.8119702359172232
/media/steve/054DA50B580BD049/steve/projects/hackathon/call-for-code-2020/Call-for-code-2020/test_images/facenet/subject3/subject03.happy,subject3,0.7994199429270662
/media/steve/054DA50B580BD049/steve/projects/hackathon/call-for-code-2020/Call-for-code-2020/test_images/facenet/subject3/subject03.leftlight,subject3,0.8632211082408429
/media/steve/054DA50B580BD049/steve/projects/hackathon/call-for-code-2020/Call-for-code-2020/test_images/facenet/subject3/subject03.noglasses,subject3,0.7962098099986079
/media/steve/054DA50B580BD049/steve/projects/hackathon/call-for-code-2020/Call-for-code-2020/test_images/facenet/subject3/subject03.normal,subject3,0.7962098099986079
/media/steve/054DA50B580BD049/steve/projects/hackathon/call-for-code-2020/Call-for-code-2020/test_images/facenet/subject3/subject03.rightlight,subject3,0.9009593799280625
/media/steve/054DA50B580BD049/steve/projects/hackathon/call-for-code-2020/Call-for-code-2020/test_images/facenet/subject3/subject03.sad,subject3,0.7924467651289472
/media/steve/054DA50B580BD049/steve/projects/hackathon/call-for-code-2020/Call-for-code-2020/test_images/facenet/subject3/subject03.sleepy,subject3,0.7732920575922756
/media/steve/054DA50B580BD049/steve/projects/hackathon/call-for-code-2020/Call-for-code-2020/test_images/facenet/subject3/subject03.surprised,subject3,0.8027026377913592
/media/steve/054DA50B580BD049/steve/projects/hackathon/call-for-code-2020/Call-for-code-2020/test_images/facenet/subject3/subject03.wink,subject3,0.8378196317243052
/media/steve/054DA50B580BD049/steve/projects/hackathon/call-for-code-2020/Call-for-code-2020/test_images/facenet/subject4/subject04.centerlight,subject4,0.7553452237742163
/media/steve/054DA50B580BD049/steve/projects/hackathon/call-for-code-2020/Call-for-code-2020/test_images/facenet/subject4/subject04.glasses,subject4,0.4624337038441653
/media/steve/054DA50B580BD049/steve/projects/hackathon/call-for-code-2020/Call-for-code-2020/test_images/facenet/subject4/subject04.happy,subject4,0.7782058647850799
/media/steve/054DA50B580BD049/steve/projects/hackathon/call-for-code-2020/Call-for-code-2020/test_images/facenet/subject4/subject04.leftlight,subject4,0.8197745099114063
/media/steve/054DA50B580BD049/steve/projects/hackathon/call-for-code-2020/Call-for-code-2020/test_images/facenet/subject4/subject04.noglasses,subject4,0.8554630676117257
/media/steve/054DA50B580BD049/steve/projects/hackathon/call-for-code-2020/Call-for-code-2020/test_images/facenet/subject4/subject04.normal,subject4,0.8422015912461654
/media/steve/054DA50B580BD049/steve/projects/hackathon/call-for-code-2020/Call-for-code-2020/test_images/facenet/subject4/subject04.rightlight,subject4,0.8155723499335056
/media/steve/054DA50B580BD049/steve/projects/hackathon/call-for-code-2020/Call-for-code-2020/test_images/facenet/subject4/subject04.sad,subject4,0.8422016222060924
/media/steve/054DA50B580BD049/steve/projects/hackathon/call-for-code-2020/Call-for-code-2020/test_images/facenet/subject4/subject04.sleepy,subject4,0.8295735797900574
/media/steve/054DA50B580BD049/steve/projects/hackathon/call-for-code-2020/Call-for-code-2020/test_images/facenet/subject4/subject04.surprised,subject4,0.8453321665201042
/media/steve/054DA50B580BD049/steve/projects/hackathon/call-for-code-2020/Call-for-code-2020/test_images/facenet/subject4/subject04.wink,subject4,0.7684222486942918
